{"cameraMode":{"drawMode":0,"name":"Shaded","section":"Shading Mode"},"sceneLighting":true,"audioPlay":false,"sceneViewState":{"m_AlwaysRefresh":false,"showFog":true,"showSkybox":true,"showFlares":true,"showImageEffects":true,"showParticleSystems":true,"showVisualEffectGraphs":true,"m_FxEnabled":true},"in2DMode":false,"pivot":{"x":-227.29335021972657,"y":174.73294067382813,"z":203.68374633789063},"rotation":{"x":-0.02108052931725979,"y":-0.9621619582176209,"z":0.2603989541530609,"w":-0.07782210409641266},"size":195.5201873779297,"orthographic":false}