{"cameraMode":{"drawMode":0,"name":"Shaded","section":"Shading Mode"},"sceneLighting":true,"audioPlay":false,"sceneViewState":{"m_AlwaysRefresh":false,"showFog":true,"showSkybox":true,"showFlares":true,"showImageEffects":true,"showParticleSystems":true,"showVisualEffectGraphs":true,"m_FxEnabled":true},"in2DMode":false,"pivot":{"x":-346.5713195800781,"y":431.55828857421877,"z":-691.7281494140625},"rotation":{"x":-0.24356749653816224,"y":0.23517625033855439,"z":-0.061041247099637988,"w":-0.9389907717704773},"size":187.60218811035157,"orthographic":false}