{"cameraMode":{"drawMode":0,"name":"Shaded","section":"Shading Mode"},"sceneLighting":true,"audioPlay":false,"sceneViewState":{"m_AlwaysRefresh":false,"showFog":true,"showSkybox":true,"showFlares":true,"showImageEffects":true,"showParticleSystems":true,"showVisualEffectGraphs":true,"m_FxEnabled":true},"in2DMode":false,"pivot":{"x":-44.31227111816406,"y":38.229881286621097,"z":127.33724212646485},"rotation":{"x":0.04938437417149544,"y":-0.12700970470905305,"z":0.006348113063722849,"w":0.990687370300293},"size":54.91857147216797,"orthographic":false}