{"cameraMode":{"drawMode":0,"name":"Shaded","section":"Shading Mode"},"sceneLighting":true,"audioPlay":false,"sceneViewState":{"m_AlwaysRefresh":false,"showFog":true,"showSkybox":true,"showFlares":true,"showImageEffects":true,"showParticleSystems":true,"showVisualEffectGraphs":true,"m_FxEnabled":true},"in2DMode":false,"pivot":{"x":107.32211303710938,"y":22.322978973388673,"z":119.72249603271485},"rotation":{"x":0.1339101940393448,"y":-0.2741473913192749,"z":0.038580264896154407,"w":0.9515559673309326},"size":9.992500305175782,"orthographic":false}