{"cameraMode":{"drawMode":0,"name":"Shaded","section":"Shading Mode"},"sceneLighting":true,"audioPlay":false,"sceneViewState":{"m_AlwaysRefresh":false,"showFog":true,"showSkybox":true,"showFlares":true,"showImageEffects":true,"showParticleSystems":true,"showVisualEffectGraphs":true,"m_FxEnabled":true},"in2DMode":false,"pivot":{"x":11.435233116149903,"y":43.179141998291019,"z":424.63995361328127},"rotation":{"x":0.17476053535938264,"y":0.42670321464538576,"z":-0.08440357446670532,"w":0.8833520412445068},"size":18.622289657592775,"orthographic":false}